"id","r","theta"
1,1.14687999220985,4.88816917675296
2,2.83705274400694,2.03631582278929
3,2.21326026999438,3.55123873775331
4,3.27964054777891,2.68677749774838
5,3.90343302179147,4.44320838325893
6,4.14058791383341,3.69626719182093
7,4.34602082556344,1.39547894376135
8,4.52722549580403,5.08981103489281
9,3.62293831903154,0
10,4.68931859681607,3.27353068562557
11,4.83594964266888,0
12,4.969813299576,4.05835216733296
